<ImportExportXml version="8.2.0002.1310" SolutionPackageVersion="8.0" languagecode="1033" generatedBy="CrmLive" xmlns:xsi="http://www.w3.org/2001/XMLSchema-instance">
  <SolutionManifest>
    <UniqueName>GoogleMapControls</UniqueName>
    <LocalizedNames>
      <LocalizedName description="ITLec Google Map Controls/ Integration/ Dashboards" languagecode="1033" />
    </LocalizedNames>
    <Descriptions>
      <Description description="Here you can integrate your D365 entities with googlemap (by default you will get the integration with Account, Competitor, Contact, Lead).&#xA;&#xA;New Google Config integration entity to setup:-&#xA;1-API Key.&#xA;2- Default Location (Control) &amp; Center Location (Dashboard).&#xA;3- Default Language (Control Only).&#xA;4- Default Zoom (Control &amp; Dashboard)&#xA;&#xA;Also inside you will get by default 4 Dashboards:-&#xA;Google Map Dashboard - Account&#xA;Google Map Dashboard - Contact&#xA;Google Map Dashboard - Lead&#xA;Google Map Dashboard - Competitor&#xA;&#xA;For any comments related to this version:-&#xA;http://www.itlec.com/2018/02/ITLec-Google-Map-V-20180214.html&#xA;&#xA;To Know how to integrate or create new dashboards:-&#xA;Visit Us:- http://www.itlec.com/2017/07/dynamics-365-google-map-integration.html&#xA;&#xA;All your comments and inquiries are welcome.&#xA;&#xA;This tool is free and will stay free, to add more functionality to this control please contact me:-&#xA;&#xA;Rasheed@ITLec.com" languagecode="1033" />
    </Descriptions>
    <Version>2018.04.16</Version>
    <Managed>1</Managed>
    <Publisher>
      <UniqueName>itlec</UniqueName>
      <LocalizedNames>
        <LocalizedName description="ITLec" languagecode="1033" />
      </LocalizedNames>
      <Descriptions>
        <Description description="Rasheed@ITLec.com" languagecode="1033" />
      </Descriptions>
      <EMailAddress xsi:nil="true"></EMailAddress>
      <SupportingWebsiteUrl xsi:nil="true"></SupportingWebsiteUrl>
      <CustomizationPrefix>itlec</CustomizationPrefix>
      <CustomizationOptionValuePrefix>39623</CustomizationOptionValuePrefix>
      <Addresses>
        <Address>
          <AddressNumber>1</AddressNumber>
          <AddressTypeCode>1</AddressTypeCode>
          <City xsi:nil="true"></City>
          <County xsi:nil="true"></County>
          <Country xsi:nil="true"></Country>
          <Fax xsi:nil="true"></Fax>
          <FreightTermsCode xsi:nil="true"></FreightTermsCode>
          <ImportSequenceNumber xsi:nil="true"></ImportSequenceNumber>
          <Latitude xsi:nil="true"></Latitude>
          <Line1 xsi:nil="true"></Line1>
          <Line2 xsi:nil="true"></Line2>
          <Line3 xsi:nil="true"></Line3>
          <Longitude xsi:nil="true"></Longitude>
          <Name xsi:nil="true"></Name>
          <PostalCode xsi:nil="true"></PostalCode>
          <PostOfficeBox xsi:nil="true"></PostOfficeBox>
          <PrimaryContactName xsi:nil="true"></PrimaryContactName>
          <ShippingMethodCode>1</ShippingMethodCode>
          <StateOrProvince xsi:nil="true"></StateOrProvince>
          <Telephone1 xsi:nil="true"></Telephone1>
          <Telephone2 xsi:nil="true"></Telephone2>
          <Telephone3 xsi:nil="true"></Telephone3>
          <TimeZoneRuleVersionNumber xsi:nil="true"></TimeZoneRuleVersionNumber>
          <UPSZone xsi:nil="true"></UPSZone>
          <UTCOffset xsi:nil="true"></UTCOffset>
          <UTCConversionTimeZoneCode xsi:nil="true"></UTCConversionTimeZoneCode>
        </Address>
        <Address>
          <AddressNumber>2</AddressNumber>
          <AddressTypeCode>1</AddressTypeCode>
          <City xsi:nil="true"></City>
          <County xsi:nil="true"></County>
          <Country xsi:nil="true"></Country>
          <Fax xsi:nil="true"></Fax>
          <FreightTermsCode xsi:nil="true"></FreightTermsCode>
          <ImportSequenceNumber xsi:nil="true"></ImportSequenceNumber>
          <Latitude xsi:nil="true"></Latitude>
          <Line1 xsi:nil="true"></Line1>
          <Line2 xsi:nil="true"></Line2>
          <Line3 xsi:nil="true"></Line3>
          <Longitude xsi:nil="true"></Longitude>
          <Name xsi:nil="true"></Name>
          <PostalCode xsi:nil="true"></PostalCode>
          <PostOfficeBox xsi:nil="true"></PostOfficeBox>
          <PrimaryContactName xsi:nil="true"></PrimaryContactName>
          <ShippingMethodCode>1</ShippingMethodCode>
          <StateOrProvince xsi:nil="true"></StateOrProvince>
          <Telephone1 xsi:nil="true"></Telephone1>
          <Telephone2 xsi:nil="true"></Telephone2>
          <Telephone3 xsi:nil="true"></Telephone3>
          <TimeZoneRuleVersionNumber xsi:nil="true"></TimeZoneRuleVersionNumber>
          <UPSZone xsi:nil="true"></UPSZone>
          <UTCOffset xsi:nil="true"></UTCOffset>
          <UTCConversionTimeZoneCode xsi:nil="true"></UTCConversionTimeZoneCode>
        </Address>
      </Addresses>
    </Publisher>
    <RootComponents>
      <RootComponent type="1" schemaName="itlec_entitygoogleconfig" behavior="0" />
      <RootComponent type="1" schemaName="itlec_googleconfig" behavior="0" />
      <RootComponent type="50" schemaName=":RibbonDiffXml" behavior="0" />
      <RootComponent type="60" id="{143e6fd2-159d-4c41-b956-505cfbacdc65}" behavior="0" />
      <RootComponent type="60" id="{1c6ea3a3-5d6b-e711-80fd-5065f38b3601}" behavior="0" />
      <RootComponent type="60" id="{335f0562-489a-401f-b6c7-8e28ff19dedf}" behavior="0" />
      <RootComponent type="60" id="{89ec4646-5761-4872-a48e-b1558441d8c1}" behavior="0" />
      <RootComponent type="60" id="{95923dcc-34d2-42db-a6a4-b37826db5d95}" behavior="0" />
      <RootComponent type="60" id="{f4637350-c4ba-4eee-bfaf-8832e09be4d9}" behavior="0" />
      <RootComponent type="61" schemaName="itlec_/GoogleMapDashboard.html" behavior="0" />
      <RootComponent type="61" schemaName="itlec_advancedoptionsetcontrol.html" behavior="0" />
      <RootComponent type="61" schemaName="itlec_entitygoogleconfig.js" behavior="0" />
      <RootComponent type="61" schemaName="itlec_googlemap.js" behavior="0" />
      <RootComponent type="61" schemaName="itlec_googlemapcontrol.html" behavior="0" />
      <RootComponent type="61" schemaName="itlec_itlec16x16.png" behavior="0" />
      <RootComponent type="61" schemaName="itlec_itlec32x32.png" behavior="0" />
      <RootComponent type="61" schemaName="itlec_mapConfig16x16.png" behavior="0" />
      <RootComponent type="61" schemaName="itlec_mapConfig32x32.png" behavior="0" />
      <RootComponent type="61" schemaName="itlec_placeholder16x16.png" behavior="0" />
      <RootComponent type="61" schemaName="itlec_placeholder32x32" behavior="0" />
      <RootComponent type="61" schemaName="itlec_utils.js" behavior="0" />
      <RootComponent type="61" schemaName="itlec_xrmlib.js" behavior="0" />
    </RootComponents>
    <MissingDependencies>
      <MissingDependency>
        <Required key="0" type="2" schemaName="itlec_mapurl" displayName="Map URL" parentSchemaName="contact" parentDisplayName="Contact" solution="Active" />
        <Dependent key="1" type="60" displayName="Google Map Form" parentDisplayName="Contact" id="{89ec4646-5761-4872-a48e-b1558441d8c1}" />
      </MissingDependency>
      <MissingDependency>
        <Required key="2" type="2" schemaName="itlec_mapurl" displayName="Map URL" parentSchemaName="lead" parentDisplayName="Lead" solution="Active" />
        <Dependent key="3" type="60" displayName="Google Map Form" parentDisplayName="Lead" id="{143e6fd2-159d-4c41-b956-505cfbacdc65}" />
      </MissingDependency>
      <MissingDependency>
        <Required key="4" type="2" schemaName="itlec_mapurl" displayName="Map URL" parentSchemaName="account" parentDisplayName="Account" solution="Active" />
        <Dependent key="5" type="60" displayName="Google Map Form" parentDisplayName="Account" id="{335f0562-489a-401f-b6c7-8e28ff19dedf}" />
      </MissingDependency>
    </MissingDependencies>
  </SolutionManifest>
</ImportExportXml>