<ImportExportXml xmlns:xsi="http://www.w3.org/2001/XMLSchema-instance">
  <Entities></Entities>
  <Roles></Roles>
  <Workflows></Workflows>
  <FieldSecurityProfiles></FieldSecurityProfiles>
  <Templates />
  <EntityMaps />
  <EntityRelationships />
  <OrganizationSettings />
  <optionsets />
  <Dashboards>
    <Dashboard>
      <LocalizedNames>
        <LocalizedName description="Google Map Dashboard - Account" languagecode="1033" />
      </LocalizedNames>
      <FormId>{1c6ea3a3-5d6b-e711-80fd-5065f38b3601}</FormId>
      <IsCustomizable>1</IsCustomizable>
      <IsDefault>0</IsDefault>
      <FormXml>
        <forms type="dashboard">
          <form>
            <tabs>
              <tab id="{9835c2f8-d6ec-435e-bdd9-87ad61cab784}" verticallayout="true" showlabel="false">
                <labels>
                  <label description="Tab" languagecode="1033" />
                </labels>
                <columns>
                  <column width="100%">
                    <sections>
                      <section id="{ee263bb1-48f9-4e37-9173-18c609ae742f}" showlabel="false" columns="111" showbar="false">
                        <labels>
                          <label description="Section" languagecode="1033" />
                        </labels>
                        <rows>
                          <row>
                            <cell id="{60751705-5eb9-4fed-abd5-9350c9896f87}" showlabel="false" rowspan="18" colspan="3">
                              <labels>
                                <label description="Component4c77c32" languagecode="1033" />
                              </labels>
                              <control id="WebResource_Component4c77c32" classid="{9FDF5F91-88B1-47f4-AD53-C11EFC01A01D}">
                                <parameters>
                                  <Url>itlec_/GoogleMapDashboard.html</Url>
                                  <Data>entityName=Account&amp;latFieldName=Address1_Latitude&amp;lngFieldName=Address1_Longitude&amp;displayFieldName=Name</Data>
                                  <PassParameters>false</PassParameters>
                                  <ShowOnMobileClient>false</ShowOnMobileClient>
                                  <Security>false</Security>
                                  <Scrolling>auto</Scrolling>
                                  <Border>true</Border>
                                  <WebResourceId>{8E76E1A6-F261-E711-8107-5065F38B46A1}</WebResourceId>
                                </parameters>
                              </control>
                            </cell>
                          </row>
                          <row />
                          <row />
                          <row />
                          <row />
                          <row />
                          <row />
                          <row />
                          <row />
                          <row />
                          <row />
                          <row />
                          <row />
                          <row />
                          <row />
                          <row />
                          <row />
                          <row />
                        </rows>
                      </section>
                    </sections>
                  </column>
                </columns>
              </tab>
            </tabs>
          </form>
        </forms>
      </FormXml>
      <IntroducedVersion>2017.07.06</IntroducedVersion>
      <IsTabletEnabled>0</IsTabletEnabled>
    </Dashboard>
    <Dashboard>
      <LocalizedNames>
        <LocalizedName description="Google Map Dashboard - Contact" languagecode="1033" />
      </LocalizedNames>
      <FormId>{5d98addc-f361-e711-8107-5065f38b46a1}</FormId>
      <IsCustomizable>1</IsCustomizable>
      <IsDefault>1</IsDefault>
      <FormXml>
        <forms type="dashboard">
          <form>
            <tabs>
              <tab id="{dd324179-5dee-40e4-8bd7-16ee743aacde}" showlabel="false" verticallayout="true">
                <labels>
                  <label description="Tab" languagecode="1033" />
                </labels>
                <columns>
                  <column width="100%">
                    <sections>
                      <section id="{4354d617-1f39-4a62-9ce8-49e21d0adc0b}" showlabel="false" showbar="false" columns="1111">
                        <labels>
                          <label description="Section" languagecode="1033" />
                        </labels>
                        <rows>
                          <row>
                            <cell id="{a9eb5cf7-902c-4480-bfc8-b17574bc3c69}" showlabel="false" colspan="4" rowspan="18">
                              <labels>
                                <label description="ContactGoogleMapDashboard" languagecode="1033" />
                              </labels>
                              <control id="WebResource_ContactGoogleMapDashboard" classid="{9FDF5F91-88B1-47f4-AD53-C11EFC01A01D}">
                                <parameters>
                                  <Url>itlec_/GoogleMapDashboard.html</Url>
                                  <Data>entityName=Contact&amp;latFieldName=Address1_Latitude&amp;lngFieldName=Address1_Longitude&amp;displayFieldName=FullName</Data>
                                  <PassParameters>false</PassParameters>
                                  <ShowOnMobileClient>false</ShowOnMobileClient>
                                  <Security>false</Security>
                                  <Scrolling>auto</Scrolling>
                                  <Border>true</Border>
                                  <WebResourceId>{8E76E1A6-F261-E711-8107-5065F38B46A1}</WebResourceId>
                                </parameters>
                              </control>
                            </cell>
                          </row>
                          <row />
                          <row />
                          <row />
                          <row />
                          <row />
                          <row />
                          <row />
                          <row />
                          <row />
                          <row />
                          <row />
                          <row />
                          <row />
                          <row />
                          <row />
                          <row />
                          <row />
                        </rows>
                      </section>
                    </sections>
                  </column>
                </columns>
              </tab>
            </tabs>
            <DisplayConditions FallbackForm="true">
              <Everyone />
            </DisplayConditions>
          </form>
        </forms>
      </FormXml>
      <IntroducedVersion>2017.07.06</IntroducedVersion>
      <IsTabletEnabled>1</IsTabletEnabled>
    </Dashboard>
    <Dashboard>
      <LocalizedNames>
        <LocalizedName description="Google Map Dashboard - Lead" languagecode="1033" />
      </LocalizedNames>
      <FormId>{435cde4b-6a6b-e711-80fd-5065f38b3601}</FormId>
      <IsCustomizable>1</IsCustomizable>
      <IsDefault>0</IsDefault>
      <FormXml>
        <forms type="dashboard">
          <form>
            <tabs>
              <tab id="{3f4027ec-6a8f-4c0c-bb31-ebc21735d354}" verticallayout="true" showlabel="false">
                <labels>
                  <label description="Tab" languagecode="1033" />
                </labels>
                <columns>
                  <column width="100%">
                    <sections>
                      <section id="{5759203d-5528-4893-86e5-296a01cfc577}" showlabel="false" columns="111" showbar="false">
                        <labels>
                          <label description="Section" languagecode="1033" />
                        </labels>
                        <rows>
                          <row>
                            <cell id="{12665935-5ec0-43a1-aa59-59952f5d762b}" showlabel="false" rowspan="18" colspan="3">
                              <labels>
                                <label description="Component4ab618f" languagecode="1033" />
                              </labels>
                              <control id="WebResource_Component4ab618f" classid="{9FDF5F91-88B1-47f4-AD53-C11EFC01A01D}">
                                <parameters>
                                  <Url>itlec_/GoogleMapDashboard.html</Url>
                                  <Data>entityName=Lead&amp;latFieldName=Address1_Latitude&amp;lngFieldName=Address1_Longitude&amp;displayFieldName=Subject</Data>
                                  <PassParameters>false</PassParameters>
                                  <ShowOnMobileClient>false</ShowOnMobileClient>
                                  <Security>false</Security>
                                  <Scrolling>auto</Scrolling>
                                  <Border>true</Border>
                                  <WebResourceId>{8E76E1A6-F261-E711-8107-5065F38B46A1}</WebResourceId>
                                </parameters>
                              </control>
                            </cell>
                          </row>
                          <row />
                          <row />
                          <row />
                          <row />
                          <row />
                          <row />
                          <row />
                          <row />
                          <row />
                          <row />
                          <row />
                          <row />
                          <row />
                          <row />
                          <row />
                          <row />
                          <row />
                        </rows>
                      </section>
                    </sections>
                  </column>
                </columns>
              </tab>
            </tabs>
          </form>
        </forms>
      </FormXml>
      <IntroducedVersion>2017.07.06</IntroducedVersion>
      <IsTabletEnabled>0</IsTabletEnabled>
    </Dashboard>
  </Dashboards>
  <WebResources>
    <WebResource>
      <WebResourceId>{b29067cf-f061-e711-8107-5065f38b46a1}</WebResourceId>
      <Name>itlec_googlemapcontrol.html</Name>
      <DisplayName>ITLec Google Map Control</DisplayName>
      <WebResourceType>1</WebResourceType>
      <IntroducedVersion>2017.07.06</IntroducedVersion>
      <IsEnabledForMobileClient>0</IsEnabledForMobileClient>
      <IsAvailableForMobileOffline>0</IsAvailableForMobileOffline>
      <DependencyXml>&lt;Dependencies&gt;&lt;Dependency componentType="WebResource" /&gt;&lt;/Dependencies&gt;</DependencyXml>
      <IsCustomizable>1</IsCustomizable>
      <CanBeDeleted>1</CanBeDeleted>
      <IsHidden>0</IsHidden>
      <FileName>/WebResources/itlec_googlemapcontrolhtmlB29067CF-F061-E711-8107-5065F38B46A1</FileName>
    </WebResource>
    <WebResource>
      <WebResourceId>{f18e731b-f261-e711-8107-5065f38b46a1}</WebResourceId>
      <Name>itlec_/Scripts/SDK.REST.js</Name>
      <WebResourceType>3</WebResourceType>
      <IntroducedVersion>2017.07.06</IntroducedVersion>
      <IsEnabledForMobileClient>0</IsEnabledForMobileClient>
      <IsAvailableForMobileOffline>0</IsAvailableForMobileOffline>
      <DependencyXml>&lt;Dependencies&gt;&lt;Dependency componentType="WebResource" /&gt;&lt;/Dependencies&gt;</DependencyXml>
      <IsCustomizable>1</IsCustomizable>
      <CanBeDeleted>1</CanBeDeleted>
      <IsHidden>0</IsHidden>
      <FileName>/WebResources/itlec_ScriptsSDKRESTjsF18E731B-F261-E711-8107-5065F38B46A1</FileName>
    </WebResource>
    <WebResource>
      <WebResourceId>{8e76e1a6-f261-e711-8107-5065f38b46a1}</WebResourceId>
      <Name>itlec_/GoogleMapDashboard.html</Name>
      <DisplayName>ITLec Google Map Dashboard</DisplayName>
      <WebResourceType>1</WebResourceType>
      <IntroducedVersion>2017.07.06</IntroducedVersion>
      <IsEnabledForMobileClient>0</IsEnabledForMobileClient>
      <IsAvailableForMobileOffline>0</IsAvailableForMobileOffline>
      <DependencyXml>&lt;Dependencies&gt;&lt;Dependency componentType="WebResource" /&gt;&lt;/Dependencies&gt;</DependencyXml>
      <IsCustomizable>1</IsCustomizable>
      <CanBeDeleted>1</CanBeDeleted>
      <IsHidden>0</IsHidden>
      <FileName>/WebResources/itlec_GoogleMapDashboardhtml8E76E1A6-F261-E711-8107-5065F38B46A1</FileName>
    </WebResource>
    <WebResource>
      <WebResourceId>{439db5ea-f261-e711-8107-5065f38b46a1}</WebResourceId>
      <Name>itlec_/Scripts/WebResourceHelper.js</Name>
      <WebResourceType>3</WebResourceType>
      <IntroducedVersion>2017.07.06</IntroducedVersion>
      <IsEnabledForMobileClient>0</IsEnabledForMobileClient>
      <IsAvailableForMobileOffline>0</IsAvailableForMobileOffline>
      <DependencyXml>&lt;Dependencies&gt;&lt;Dependency componentType="WebResource" /&gt;&lt;/Dependencies&gt;</DependencyXml>
      <IsCustomizable>1</IsCustomizable>
      <CanBeDeleted>1</CanBeDeleted>
      <IsHidden>0</IsHidden>
      <FileName>/WebResources/itlec_ScriptsWebResourceHelperjs439DB5EA-F261-E711-8107-5065F38B46A1</FileName>
    </WebResource>
  </WebResources>
  <Languages>
    <Language>1033</Language>
  </Languages>
</ImportExportXml>