<ImportExportXml version="8.2.0001.0341" SolutionPackageVersion="8.2" languagecode="1033" generatedBy="CrmLive" xmlns:xsi="http://www.w3.org/2001/XMLSchema-instance">
  <SolutionManifest>
    <UniqueName>GoogleMapControls</UniqueName>
    <LocalizedNames>
      <LocalizedName description="ITLec Google Map Controls/ Integration/ Dashboards" languagecode="1033" />
    </LocalizedNames>
    <Descriptions>
      <Description description="Here you can integrate your D365 entities with googlemap.&#xA;&#xA;Also inside you will get by default 3 Dashboards:-&#xA;&#xA;Google Map Dashboard - Account&#xA;Google Map Dashboard - Contact&#xA;Google Map Dashboard - Lead&#xA;&#xA;To Know how to integrate or create new dashboards:-&#xA;&#xA;Visit Us:- http://www.itlec.com/2017/07/dynamics-365-google-map-integration.html&#xA;&#xA;All your comments and inquiries are welcome.&#xA;&#xA;This tool is free and will stay free, to add more functionality to this control please contact me:-&#xA;&#xA;Rasheed@ITLec.com" languagecode="1033" />
    </Descriptions>
    <Version>2017.07.06</Version>
    <Managed>1</Managed>
    <Publisher>
      <UniqueName>itlec</UniqueName>
      <LocalizedNames>
        <LocalizedName description="ITLec" languagecode="1033" />
      </LocalizedNames>
      <Descriptions>
        <Description description="Rasheed@ITLec.com" languagecode="1033" />
      </Descriptions>
      <EMailAddress xsi:nil="true"></EMailAddress>
      <SupportingWebsiteUrl xsi:nil="true"></SupportingWebsiteUrl>
      <CustomizationPrefix>itlec</CustomizationPrefix>
      <CustomizationOptionValuePrefix>39623</CustomizationOptionValuePrefix>
      <Addresses>
        <Address>
          <AddressNumber>1</AddressNumber>
          <AddressTypeCode>1</AddressTypeCode>
          <City xsi:nil="true"></City>
          <County xsi:nil="true"></County>
          <Country xsi:nil="true"></Country>
          <Fax xsi:nil="true"></Fax>
          <FreightTermsCode xsi:nil="true"></FreightTermsCode>
          <ImportSequenceNumber xsi:nil="true"></ImportSequenceNumber>
          <Latitude xsi:nil="true"></Latitude>
          <Line1 xsi:nil="true"></Line1>
          <Line2 xsi:nil="true"></Line2>
          <Line3 xsi:nil="true"></Line3>
          <Longitude xsi:nil="true"></Longitude>
          <Name xsi:nil="true"></Name>
          <PostalCode xsi:nil="true"></PostalCode>
          <PostOfficeBox xsi:nil="true"></PostOfficeBox>
          <PrimaryContactName xsi:nil="true"></PrimaryContactName>
          <ShippingMethodCode>1</ShippingMethodCode>
          <StateOrProvince xsi:nil="true"></StateOrProvince>
          <Telephone1 xsi:nil="true"></Telephone1>
          <Telephone2 xsi:nil="true"></Telephone2>
          <Telephone3 xsi:nil="true"></Telephone3>
          <TimeZoneRuleVersionNumber xsi:nil="true"></TimeZoneRuleVersionNumber>
          <UPSZone xsi:nil="true"></UPSZone>
          <UTCOffset xsi:nil="true"></UTCOffset>
          <UTCConversionTimeZoneCode xsi:nil="true"></UTCConversionTimeZoneCode>
        </Address>
        <Address>
          <AddressNumber>2</AddressNumber>
          <AddressTypeCode>1</AddressTypeCode>
          <City xsi:nil="true"></City>
          <County xsi:nil="true"></County>
          <Country xsi:nil="true"></Country>
          <Fax xsi:nil="true"></Fax>
          <FreightTermsCode xsi:nil="true"></FreightTermsCode>
          <ImportSequenceNumber xsi:nil="true"></ImportSequenceNumber>
          <Latitude xsi:nil="true"></Latitude>
          <Line1 xsi:nil="true"></Line1>
          <Line2 xsi:nil="true"></Line2>
          <Line3 xsi:nil="true"></Line3>
          <Longitude xsi:nil="true"></Longitude>
          <Name xsi:nil="true"></Name>
          <PostalCode xsi:nil="true"></PostalCode>
          <PostOfficeBox xsi:nil="true"></PostOfficeBox>
          <PrimaryContactName xsi:nil="true"></PrimaryContactName>
          <ShippingMethodCode>1</ShippingMethodCode>
          <StateOrProvince xsi:nil="true"></StateOrProvince>
          <Telephone1 xsi:nil="true"></Telephone1>
          <Telephone2 xsi:nil="true"></Telephone2>
          <Telephone3 xsi:nil="true"></Telephone3>
          <TimeZoneRuleVersionNumber xsi:nil="true"></TimeZoneRuleVersionNumber>
          <UPSZone xsi:nil="true"></UPSZone>
          <UTCOffset xsi:nil="true"></UTCOffset>
          <UTCConversionTimeZoneCode xsi:nil="true"></UTCConversionTimeZoneCode>
        </Address>
      </Addresses>
    </Publisher>
    <RootComponents>
      <RootComponent type="60" id="{1c6ea3a3-5d6b-e711-80fd-5065f38b3601}" behavior="0" />
      <RootComponent type="60" id="{435cde4b-6a6b-e711-80fd-5065f38b3601}" behavior="0" />
      <RootComponent type="60" id="{5d98addc-f361-e711-8107-5065f38b46a1}" behavior="0" />
      <RootComponent type="61" schemaName="itlec_/GoogleMapDashboard.html" behavior="0" />
      <RootComponent type="61" schemaName="itlec_/Scripts/SDK.REST.js" behavior="0" />
      <RootComponent type="61" schemaName="itlec_/Scripts/WebResourceHelper.js" behavior="0" />
      <RootComponent type="61" schemaName="itlec_googlemapcontrol.html" behavior="0" />
    </RootComponents>
    <MissingDependencies />
  </SolutionManifest>
</ImportExportXml>